{
    "Clientes.md": 1728353549.3194602,
    "Configura\u00e7\u00f5es-da-execu\u00e7\u00e3o.md": 1728359981.2663329,
    "Informa\u00e7\u00f5es-adicionais.md": 1728353620.8477027,
    "Primeiros-Passos.md": 1728353523.0727422,
    "Script-de-an\u00e1lise.md": 1728353662.2092714,
    "Scripts-de-apoio.md": 1728353688.079004,
    "Servidor.md": 1728353706.1408184
}