round,deltaT,mean_accuracy,n_selected
1,36376.0,0.5440000090748072,2
2,59399.0,0.9051666408777237,2
3,80461.0,0.9844166785478592,2
