Round Delta T,Cliente 1,Cliente 2,Cliente 3,Cliente 4,Acurácia Média
35417.0,0.6193333268165588,0.6010000109672546,0.6196666955947876,0.612666666507721,0.6131666749715805
35417.0,0.9803333282470703,0.9789999723434448,0.9746666550636292,0.9789999723434448,0.9782499819993973
