{
    "Clientes.md": 1731176609.054762,
    "Configura\u00e7\u00f5es-da-execu\u00e7\u00e3o.md": 1734526154.1754282,
    "Informa\u00e7\u00f5es-adicionais.md": 1731176609.054762,
    "Primeiros-Passos.md": 1739196275.3335454,
    "Script-de-an\u00e1lise.md": 1731176609.054762,
    "Scripts-de-apoio.md": 1731176609.0557618,
    "Servidor.md": 1731176609.0557618,
    "../readme.md": 1734526154.1754282
}