round,deltaT,mean_accuracy,n_selected
1,3119.0,0.5862880311906338,2
2,3092.0,0.5364265441894531,2
3,2126.0,0.7318166866898537,2
4,2124.0,0.8436906337738037,2
5,2126.0,0.7964823842048645,2
6,2125.0,0.8714612424373627,2
7,2090.0,0.8843056261539459,2
8,2106.0,0.7798307165503502,2
9,2127.0,0.825185239315033,1
10,3090.0,0.9686082601547241,3
11,2124.0,0.8698351234197617,1
12,2090.0,0.9787707775831223,3
